,date,CPI,interest,oil_price,gold_price,exchange_rate(w/d),KOSPI200(open),sent
0,2020-01-02,99.74,1.51,1174,56720,"1,157.80",294.19,0.31690443453098766
1,2020-01-03,99.75,1.5,1180,57110,"1,156.90",293.1,0.40565563008430555
2,2020-01-06,99.79,1.48,1183,58600,"1,162.70",287.73,0.13093433482170733
3,2020-01-07,99.8,1.47,1182,59100,"1,169.60",290.01,0.35688075315380463
4,2020-01-08,99.81,1.46,1190,59600,"1,165.30",288.94,0.12379651264744893
5,2020-01-09,99.83,1.45,1188,58470,"1,174.10",293.83,0.20504536366902007
6,2020-01-10,99.84,1.45,1187,57950,"1,160.00",294.8,0.23823019426597125
7,2020-01-13,99.87,1.45,1191,58050,"1,161.10",296.62,0.16227079754636822
8,2020-01-14,99.89,1.44,1187,57920,"1,155.70",302.2,0.25755669003922926
9,2020-01-15,99.9,1.44,1183,57700,"1,153.10",299.91,0.11286315011241621
10,2020-01-16,99.91,1.44,1182,57830,"1,158.80",299.93,0.2080877912464536
11,2020-01-17,99.92,1.44,1166,58100,"1,159.60",305.07,0.09104810016876448
12,2020-01-20,99.96,1.44,1166,58300,"1,158.80",304.99,0.1695553295566718
13,2020-01-21,99.97,1.44,1149,58290,"1,158.80",304.94,0.31800568511281185
14,2020-01-22,99.98,1.44,1148,58620,"1,164.70",301.79,0.1329574086642707
15,2020-01-23,99.99,1.44,1143,58210,"1,165.10",303.77,-0.1594233369478787
16,2020-01-28,100.05,1.44,1140,59530,"1,167.20",294.98,-0.08809449544064524
17,2020-01-29,100.07,1.43,1139,59400,"1,176.70",294.38,0.22105649195562602
18,2020-01-30,100.08,1.43,1138,59540,"1,176.00",293.27,0.13596681685174508
19,2020-01-31,100.09,1.42,1124,59900,"1,183.50",290.24,-0.058547929452276715
20,2020-02-03,100.1,1.4,1138,60600,"1,187.80",280.17,0.03604386210479414
21,2020-02-04,100.1,1.4,1117,60080,"1,196.00",285.19,0.08415194431519958
22,2020-02-05,100.1,1.39,1112,59510,"1,189.40",293.57,-0.005281254018054611
23,2020-02-06,100.1,1.39,1109,59510,"1,188.50",294.74,0.057091537665470725
24,2020-02-07,100.11,1.38,1112,59230,"1,181.40",299.59,0.01961915469235179
25,2020-02-10,100.11,1.37,1110,60000,"1,187.20",294.07,0.07415189979604186
26,2020-02-11,100.12,1.36,1096,59970,"1,189.80",297.91,-0.06731405078896789
27,2020-02-12,100.12,1.35,1093,59540,"1,184.10",299.83,0.20104567092330328
28,2020-02-13,100.12,1.35,1091,59290,"1,179.80",302.79,-0.010444857638828386
29,2020-02-14,100.12,1.35,1091,59800,"1,181.50",300.95,0.20300994748795037
30,2020-02-17,100.13,1.34,1092,59840,"1,183.50",302.84,-0.1926735279405325
31,2020-02-18,100.13,1.33,1092,60020,"1,182.20",300.26,0.13458183790152317
32,2020-02-19,100.14,1.32,1093,60700,"1,188.10",299.68,-0.09900694054270655
33,2020-02-20,100.14,1.32,1090,61020,"1,190.80",300.34,-0.05161950082312097
34,2020-02-21,100.14,1.32,1090,62240,"1,197.00",292.16,0.07564639252217437
35,2020-02-24,100.15,1.31,1094,64700,"1,205.60",285.51,0.046770172370049636
36,2020-02-25,100.15,1.28,1099,65010,"1,217.70",280.48,-0.07311417985835744
37,2020-02-26,100.15,1.27,1101,63570,"1,212.70",278.45,0.0871338743790559
38,2020-02-27,100.16,1.26,1100,63700,"1,216.80",279.46,0.053309082258602716
39,2020-02-28,100.16,1.26,1100,64000,"1,215.90",272.33,0.343319485243452
40,2020-03-02,100.15,1.25,1099,60990,"1,215.30",269.59,0.22199472329598527
41,2020-03-03,100.14,1.25,1065,61400,"1,200.30",277.44,0.13422172481670333
42,2020-03-04,100.13,1.25,1073,63010,"1,191.40",270.13,0.11791415759694235
43,2020-03-05,100.12,1.22,1074,62570,"1,186.40",280.66,0.013946253078055384
44,2020-03-06,100.12,1.22,1072,63520,"1,185.00",276.74,0.0017117669324894784
45,2020-03-09,100.1,1.22,1072,65010,"1,191.40",266.39,0.039090895816571894
46,2020-03-10,100.09,1.21,1039,65150,"1,201.40",261.94,0.07112833883528237
47,2020-03-11,100.08,1.2,1029,63260,"1,196.70",264.63,-0.0785842919642348
48,2020-03-12,100.07,1.2,1029,63790,"1,192.80",253.93,-0.07434660150170729
49,2020-03-13,100.07,1.21,1030,61350,"1,202.00",231.71,-0.2463054391077061
50,2020-03-16,100.05,1.21,1030,62080,"1,222.20",245.21,0.09242171379553966
51,2020-03-17,100.04,1.14,934,59900,"1,219.60",222.94,0.024269446210534965
52,2020-03-18,100.03,1.05,943,61000,"1,241.20",228.63,-0.15928084749029692
53,2020-03-19,100.03,1.05,943,60420,"1,237.80",220.72,-0.13500047451328706
54,2020-03-20,100.02,1.05,935,59420,"1,280.10",204.84,-0.1428300929530944
55,2020-03-23,100.0,1.06,938,60100,"1,254.10",200.8,0.20549706069816093
56,2020-03-24,99.99,1.08,878,63990,"1,274.60",207.65,0.3330002674631853
57,2020-03-25,99.98,1.1,893,65300,"1,256.00",228.37,0.3545879145589334
58,2020-03-26,99.98,1.13,890,64330,"1,230.70",231.91,0.030855876981804965
59,2020-03-27,99.97,1.16,891,63930,"1,227.90",239.11,-0.1288690176402542
60,2020-03-30,99.95,1.17,888,64100,"1,212.40",227.05,0.014877518154466012
61,2020-03-31,99.94,1.18,868,64190,"1,222.60",235.2,0.27687224988566145
62,2020-04-01,99.93,1.18,866,62880,"1,220.00",234.23,-0.005106751239954083
63,2020-04-02,99.91,1.17,854,63500,"1,222.20",227.47,-0.1196345648746443
64,2020-04-03,99.9,1.15,865,63500,"1,237.60",232.48,-0.12710995254430169
65,2020-04-06,99.85,1.13,866,63910,"1,229.80",234.4,0.29757264525432114
66,2020-04-07,99.84,1.1,863,65000,"1,233.40",245.65,0.19835510267706957
67,2020-04-08,99.82,1.09,832,64500,"1,222.40",243.71,0.026273824414070415
68,2020-04-09,99.81,1.08,833,64010,"1,219.70",246.13,-0.05996872324951834
69,2020-04-10,99.79,1.06,831,65800,"1,216.40",245.14,0.12359887244759665
70,2020-04-13,99.75,1.05,836,65990,"1,212.30",246.59,0.4039414499407521
71,2020-04-14,99.73,1.05,826,66920,"1,218.70",246.2,0.14239755876211008
72,2020-04-16,99.71,1.04,827,67740,"1,216.70",244.99,0.1254576305914344
73,2020-04-17,99.69,1.04,821,68210,"1,227.50",252.52,0.22981252234468258
74,2020-04-20,99.65,1.03,825,65560,"1,219.30",253.85,0.0570205571186624
75,2020-04-21,99.63,1.03,801,66500,"1,218.70",250.26,-0.0009771686043209696
76,2020-04-22,99.62,1.02,801,67180,"1,231.30",246.16,-0.03165085703430776
77,2020-04-23,99.6,1.02,805,67960,"1,235.20",253.42,0.07797651508052697
78,2020-04-24,99.59,1.02,802,68700,"1,232.00",252.47,-0.04062430963359855
79,2020-04-27,99.54,1.01,803,68860,"1,235.80",251.18,0.2097038841795305
80,2020-04-28,99.53,1.01,780,68150,"1,230.30",255.91,0.017286652178375828
81,2020-04-29,99.51,1.01,677,67150,"1,225.20",256.58,0.322764509115397
82,2020-05-04,99.49,1.01,300,67380,"1,218.50",252.44,0.09347626130170174
83,2020-05-06,99.49,1.01,824,67450,"1,227.80",253.76,0.016464513281620376
84,2020-05-07,99.49,1.01,779,67140,"1,223.30",253.88,0.026487974048701818
85,2020-05-08,99.48,1.0,766,67500,"1,226.50",256.66,0.2563856393553188
86,2020-05-11,99.48,0.98,780,67300,"1,217.70",257.67,0.2607597664127336
87,2020-05-12,99.48,0.96,796,67200,"1,217.80",255.33,0.04728707566160275
88,2020-05-13,99.47,0.94,810,67730,"1,226.70",250.03,0.1482322462057502
89,2020-05-14,99.47,0.94,809,67900,"1,226.30",253.26,-0.0532518349401912
90,2020-05-15,99.47,0.93,806,68400,"1,227.90",255.34,0.050770209730762184
91,2020-05-18,99.47,0.9,819,69200,"1,229.30",254.55,0.16679664216726267
92,2020-05-19,99.46,0.89,826,68950,"1,231.60",261.12,0.2292630978482488
93,2020-05-20,99.46,0.88,835,68870,"1,224.50",260.48,0.0589954226978697
94,2020-05-21,99.46,0.87,828,69350,"1,227.80",264.52,0.0841603888204448
95,2020-05-22,99.46,0.86,828,69000,"1,230.70",263.82,0.21069336640337688
96,2020-05-25,99.45,0.85,829,69210,"1,236.20",260.95,0.16014009360894027
97,2020-05-26,99.45,0.84,873,69420,"1,242.00",263.48,0.1657245839631601
98,2020-05-27,99.45,0.83,873,68560,"1,237.10",266.71,0.11389633517183327
99,2020-05-28,99.45,0.78,871,68310,"1,233.70",270.17,0.11745997081128146
100,2020-05-29,99.44,0.73,863,69260,"1,239.40",266.62,0.012994575045883578
101,2020-06-01,99.45,0.7,868,69450,"1,237.60",269.29,0.24684021472800707
102,2020-06-02,99.46,0.68,868,68990,"1,227.80",272.65,0.2615277166487249
103,2020-06-03,99.47,0.67,886,68710,"1,224.10",279.14,0.23331057805690533
104,2020-06-04,99.48,0.67,879,67090,"1,216.90",291.17,0.13633307629178765
105,2020-06-05,99.48,0.66,875,67590,"1,217.40",286.3,0.24611934728420357
106,2020-06-08,99.51,0.65,886,65450,"1,213.10",295.41,0.0479110424553429
107,2020-06-09,99.52,0.65,897,66000,"1,204.20",293.96,-0.036386965072887724
108,2020-06-10,99.53,0.65,904,66490,"1,197.70",291.03,0.13496185290449914
109,2020-06-11,99.54,0.65,904,66700,"1,194.40",289.98,0.0004735234796175355
110,2020-06-12,99.55,0.65,900,67550,"1,192.80",276.97,0.16130878819892885
111,2020-06-15,99.57,0.65,899,67400,"1,206.60",278.61,0.49444092759036357
112,2020-06-16,99.58,0.66,915,67420,"1,210.80",275.89,0.2560511086669633
113,2020-06-17,99.59,0.66,909,67580,"1,206.60",282.08,0.11518922587772469
114,2020-06-18,99.6,0.67,922,67620,"1,214.50",281.74,0.05326519600888891
115,2020-06-19,99.61,0.67,917,67300,"1,213.00",284.56,0.09199274412524949
116,2020-06-22,99.64,0.67,917,68090,"1,212.00",281.01,0.1771045517483391
117,2020-06-23,99.65,0.68,932,68500,"1,213.20",284.64,0.10705182769745036
118,2020-06-24,99.66,0.68,923,68700,"1,210.10",283.71,0.126123413001667
119,2020-06-25,99.66,0.68,925,68450,"1,202.90",282.38,0.07077193243147024
120,2020-06-26,99.67,0.68,927,68520,"1,205.20",283.36,0.024124970596164294
121,2020-06-29,99.7,0.69,926,68680,"1,198.60",279.36,0.1670910760939641
122,2020-06-30,99.71,0.69,942,68500,"1,200.70",282.55,0.10201801960994285
123,2020-07-01,99.71,0.69,941,68800,"1,198.50",283.1,-0.014840202706932473
124,2020-07-02,99.7,0.68,944,68840,"1,201.60",281.3,0.040256256269227866
125,2020-07-03,99.7,0.67,944,68580,"1,201.00",285.59,0.1889526116662663
126,2020-07-06,99.69,0.67,945,68700,"1,200.40",286.84,0.3933607148948874
127,2020-07-07,99.69,0.67,940,68700,"1,196.80",292.74,0.2213242361377209
128,2020-07-08,99.69,0.66,941,69200,"1,192.90",287.2,0.05439511541616835
129,2020-07-09,99.69,0.66,942,69300,"1,195.80",287.8,0.034571197346862766
130,2020-07-10,99.68,0.66,939,69710,"1,194.50",287.87,0.3126855036575163
131,2020-07-13,99.68,0.65,944,69710,"1,202.40",287.92,0.14598504566387113
132,2020-07-14,99.67,0.65,955,69950,"1,200.30",288.42,0.09193934629454789
133,2020-07-15,99.67,0.65,957,70130,"1,206.40",292.94,0.026977341023827463
134,2020-07-16,99.67,0.65,952,70040,"1,200.70",292.34,0.103756163230364
135,2020-07-17,99.67,0.64,954,70260,"1,204.10",289.9,0.3531058792540732
136,2020-07-20,99.66,0.64,959,70200,"1,205.70",292.76,0.14336694627778923
137,2020-07-21,99.66,0.63,947,70450,"1,203.70",294.03,0.3375194457832146
138,2020-07-22,99.65,0.63,946,71200,"1,198.10",294.71,0.15591087203841753
139,2020-07-23,99.65,0.62,947,72330,"1,193.70",293.62,0.037251244727447175
140,2020-07-24,99.65,0.61,947,73240,"1,198.50",289.84,0.10609270949119376
141,2020-07-27,99.64,0.61,949,74600,"1,201.30",291.03,0.18524312389748782
142,2020-07-28,99.64,0.6,950,80000,"1,196.60",296.53,0.37984090433287826
143,2020-07-29,99.64,0.59,952,81770,"1,195.10",300.57,0.022221392908336097
144,2020-07-30,99.63,0.59,949,79870,"1,195.20",303.13,0.10985396186149618
145,2020-07-31,99.63,0.58,949,78490,"1,191.40",303.69,0.16024342952508136
146,2020-08-03,99.68,0.58,947,79550,"1,189.10",299.57,0.14485718201916625
147,2020-08-04,99.7,0.58,941,79050,"1,193.70",302.5,0.1614315679329038
148,2020-08-05,99.72,0.58,941,80100,"1,193.50",303.94,0.1258498140483428
149,2020-08-06,99.74,0.58,939,79700,"1,190.30",307.88,0.15960606911328318
150,2020-08-07,99.76,0.58,940,79600,"1,184.30",311.99,0.07916186914980716
151,2020-08-10,99.81,0.58,943,78460,"1,185.90",312.75,0.1533530657291806
152,2020-08-11,99.83,0.58,945,78390,"1,186.70",317.63,0.2709741318279157
153,2020-08-12,99.85,0.58,947,73080,"1,184.90",320.31,0.00755142507020953
154,2020-08-13,99.86,0.58,949,73100,"1,186.00",325.84,0.026871434720635547
155,2020-08-14,99.88,0.58,944,75030,"1,183.60",321.59,0.12075202452067249
156,2020-08-18,99.96,0.57,951,76280,"1,185.80",319.57,0.141212665464835
157,2020-08-19,99.97,0.57,947,76850,"1,185.10",315.96,0.2639051858962336
158,2020-08-20,99.99,0.57,947,74140,"1,182.30",310.45,0.08838849936445467
159,2020-08-21,100.01,0.57,945,74890,"1,186.30",306.17,0.08061677877692768
160,2020-08-24,100.06,0.58,945,74480,"1,185.30",306.86,0.24808159521335146
161,2020-08-25,100.08,0.59,949,73800,"1,190.00",312.45,0.2981660515174975
162,2020-08-26,100.1,0.6,949,73770,"1,186.30",313.61,0.19570894188795784
163,2020-08-27,100.12,0.61,947,74800,"1,187.00",314.46,0.07947443370553545
164,2020-08-28,100.14,0.61,947,73680,"1,185.70",313.86,0.08920358701176724
165,2020-08-31,100.19,0.61,949,75180,"1,185.10",315.46,0.28246463042692066
166,2020-09-01,100.21,0.62,948,75250,"1,183.30",309.08,0.3655675347679709
167,2020-09-02,100.23,0.62,947,75610,"1,184.60",311.69,0.16501903823454592
168,2020-09-03,100.24,0.62,941,74450,"1,186.20",314.73,0.18213078670228255
169,2020-09-04,100.26,0.62,950,74000,"1,187.50",308.25,0.33682496540789647
170,2020-09-07,100.32,0.63,951,74370,"1,190.20",312.08,0.12311428580849848
171,2020-09-08,100.34,0.63,955,74020,"1,187.20",316.31,0.3817858903029795
172,2020-09-09,100.35,0.63,950,74030,"1,187.90",313.54,0.09319915132412626
173,2020-09-10,100.37,0.63,950,74280,"1,189.60",317.92,0.017584227203984445
174,2020-09-11,100.39,0.64,947,74250,"1,185.30",315.64,0.10891699834620708
175,2020-09-14,100.45,0.64,948,74230,"1,188.30",319.83,0.2735026055391895
176,2020-09-15,100.46,0.65,928,74400,"1,184.20",321.82,0.327148850632497
177,2020-09-16,100.48,0.65,930,74500,"1,180.50",323.14,0.1325028069366041
178,2020-09-17,100.5,0.66,929,74250,"1,177.80",321.3,0.18823729417139137
179,2020-09-18,100.52,0.66,926,73520,"1,175.40",319.2,0.2826395019749432
180,2020-09-21,100.57,0.66,927,73020,"1,163.60",318.13,0.01376848965431034
181,2020-09-22,100.59,0.66,924,72020,"1,160.60",315.53,0.2114452872175804
182,2020-09-23,100.61,0.67,924,71580,"1,163.90",311.5,0.20399439931846836
183,2020-09-24,100.63,0.67,923,69400,"1,164.40",304.85,0.21387179887467736
184,2020-09-25,100.65,0.67,923,70200,"1,170.30",305.38,0.06086856452983414
185,2020-09-28,100.7,0.68,926,71000,"1,170.50",306.49,0.22766455361198493
186,2020-09-29,100.72,0.68,915,70810,"1,173.50",310.01,0.11988286940164712
187,2020-10-05,100.65,0.68,915,71700,"1,169.50",309.65,0.1615016600830394
188,2020-10-06,100.63,0.68,921,71110,"1,163.40",315.13,0.14773463692561414
189,2020-10-07,100.61,0.68,922,70880,"1,160.00",312.34,0.2758884793014462
190,2020-10-08,100.6,0.67,920,70580,"1,162.50",320.31,-0.12328720307506955
191,2020-10-12,100.52,0.67,928,71420,"1,156.20",318.99,0.09270393199544787
192,2020-10-13,100.51,0.67,922,71400,"1,148.30",321.04,0.07136913563018832
193,2020-10-14,100.49,0.66,920,70590,"1,149.50",319.6,0.23520821650000975
194,2020-10-15,100.47,0.66,918,70440,"1,145.70",315.76,0.16194302238432853
195,2020-10-16,100.45,0.66,918,70250,"1,144.60",314.41,0.22473723225342826
196,2020-10-19,100.4,0.66,922,70440,"1,145.60",313.43,0.248754596710217
197,2020-10-20,100.38,0.65,920,70220,"1,142.20",311.02,0.10335101020640725
198,2020-10-21,100.36,0.65,916,70030,"1,139.70",315.34,0.16403558772320687
199,2020-10-22,100.34,0.64,916,70230,"1,133.70",313.62,-0.06080013394143359
200,2020-10-23,100.32,0.64,915,69950,"1,134.10",314.98,0.3721840716380816
201,2020-10-26,100.27,0.64,916,69500,"1,134.60",315.63,0.18899524245749225
202,2020-10-27,100.25,0.64,910,69230,"1,129.10",311.5,0.04385008014107063
203,2020-10-28,100.23,0.64,914,69400,"1,127.60",310.66,0.19833024512529776
204,2020-10-29,100.22,0.64,914,69020,"1,129.30",308.99,0.14526658277649535
205,2020-10-30,100.2,0.64,910,68650,"1,133.40",308.91,0.08425523230094586
206,2020-11-02,100.17,0.64,915,68470,"1,130.40",302.67,0.11495461169191845
207,2020-11-03,100.17,0.64,895,69210,"1,134.70",308.14,0.3295482164694756
208,2020-11-04,100.17,0.64,892,69800,"1,134.60",314.31,0.12155986799344937
209,2020-11-05,100.16,0.64,891,69620,"1,136.50",315.74,0.17804030795667777
210,2020-11-06,100.16,0.64,886,70780,"1,130.90",322.72,0.28379448813105573
211,2020-11-09,100.15,0.64,902,70500,"1,124.40",325.25,0.2241028057082994
212,2020-11-10,100.15,0.64,901,67460,"1,115.60",326.33,0.1957143035698693
213,2020-11-11,100.15,0.64,895,67980,"1,115.90",327.04,0.2665524337893915
214,2020-11-12,100.14,0.64,894,67120,"1,112.40",330.57,-0.021409455518993283
215,2020-11-13,100.14,0.64,891,67490,"1,113.20",329.09,0.180185297306855
216,2020-11-16,100.13,0.64,894,67120,"1,115.10",335.2,0.4055145601798841
217,2020-11-17,100.13,0.64,911,67650,"1,108.00",340.84,0.11355912523435778
218,2020-11-18,100.13,0.64,914,67290,"1,106.80",341.07,0.14592222820685866
219,2020-11-19,100.12,0.64,913,66830,"1,105.90",338.56,0.17814592771971963
220,2020-11-20,100.12,0.65,911,66990,"1,112.20",339.48,-0.031262452115462365
221,2020-11-23,100.11,0.66,912,67210,"1,114.20",341.51,0.10638573344706816
222,2020-11-24,100.11,0.67,914,66480,"1,112.60",350.3,0.31696343462231785
223,2020-11-25,100.1,0.67,922,64600,"1,111.20",353.05,0.07700833029797488
224,2020-11-26,100.1,0.67,916,64700,"1,107.20",348.66,0.23440765859545487
225,2020-11-27,100.1,0.68,915,64530,"1,105.80",351.83,0.29811715432560837
226,2020-11-30,100.09,0.69,914,64090,"1,104.40",354.7,0.46717213095206594
227,2020-12-01,100.1,0.7,939,63170,"1,104.90",349.37,0.22137249352407187
228,2020-12-02,100.11,0.71,947,64780,"1,107.10",354.33,0.1923972791172949
229,2020-12-03,100.11,0.71,950,64720,"1,103.30",360.36,0.28259685018323627
230,2020-12-04,100.12,0.72,944,64940,"1,098.10",363.28,0.15230403938112114
231,2020-12-07,100.14,0.72,943,64320,"1,086.60",368.59,0.08598469030740725
232,2020-12-08,100.15,0.72,951,65020,"1,082.70",369.73,0.384910793846763
233,2020-12-09,100.16,0.72,955,65670,"1,084.40",363.77,0.30643603695701555
234,2020-12-10,100.17,0.73,951,64420,"1,083.60",370.74,0.2009251986488479
235,2020-12-11,100.18,0.73,947,64610,"1,086.20",370.45,0.2285729296753693
236,2020-12-14,100.2,0.74,956,65000,"1,089.30",372.14,0.18570400991908262
237,2020-12-15,100.21,0.74,954,64700,"1,090.80",371.75,0.3057658314091733
238,2020-12-16,100.21,0.74,950,65230,"1,093.20",371.86,0.31836241315961344
239,2020-12-17,100.22,0.75,951,65980,"1,092.20",372.12,0.051240989230676166
240,2020-12-18,100.23,0.75,951,66360,"1,092.80",372.02,0.3032151974912101
241,2020-12-21,100.25,0.76,952,67500,"1,097.90",371.51,0.2479931024575511
242,2020-12-22,100.26,0.76,968,68380,"1,101.20",371.08,0.30799064101303214
243,2020-12-23,100.27,0.76,971,67600,"1,106.60",367.02,0.16945677957868646
244,2020-12-24,100.28,0.76,969,67650,"1,108.90",371.67,0.21463415218940282
245,2020-12-28,100.31,0.78,977,67500,"1,103.70",381.51,0.36140068180025703
246,2020-12-29,100.31,0.8,975,66990,"1,098.20",380.34,0.38607875294140714
247,2020-12-30,100.32,0.81,973,66540,"1,093.20",381.21,0.14180027281722712
248,2021-01-04,100.42,0.81,973,67200,"1,088.00",389.5,0.32386792772196243
249,2021-01-05,100.44,0.79,975,68800,"1,083.10",399.79,0.34345867210373154
250,2021-01-06,100.47,0.76,975,69130,"1,086.10",406.33,0.13801284069060404
251,2021-01-07,100.49,0.75,972,68700,"1,086.80",404.0,0.1198174922698052
252,2021-01-08,100.51,0.74,972,68400,"1,087.70",412.06,0.319132763454493
253,2021-01-11,100.58,0.74,981,66880,"1,094.40",431.69,0.40451482551172463
254,2021-01-12,100.6,0.74,987,67460,"1,097.80",430.8,0.28030078777185713
255,2021-01-13,100.63,0.74,984,67320,"1,099.90",427.98,0.08606643188211087
256,2021-01-14,100.65,0.74,986,66800,"1,095.00",430.43,0.06244824759902155
257,2021-01-15,100.67,0.73,984,66500,"1,100.30",430.37,0.2269344475057888
258,2021-01-18,100.74,0.73,991,66240,"1,097.90",419.7,0.16316273995956979
259,2021-01-19,100.77,0.73,1012,66300,"1,104.40",410.21,0.23606388970897704
260,2021-01-20,100.79,0.73,1017,65810,"1,102.10",425.17,0.15657074898721804
261,2021-01-21,100.81,0.74,1015,66520,"1,100.00",425.29,-0.0024268170322218918
262,2021-01-22,100.83,0.74,1011,66680,"1,099.20",430.73,0.11019464237323846
263,2021-01-25,100.9,0.74,1012,66390,"1,102.30",427.64,0.3415845650929738
264,2021-01-26,100.93,0.75,1009,65990,"1,103.20",436.27,0.39355128726060784
265,2021-01-27,100.95,0.75,1012,66120,"1,103.00",427.11,-0.0038775496986533475
266,2021-01-28,100.97,0.75,1016,65950,"1,104.00",422.92,0.07609743791324954
267,2021-01-29,100.99,0.75,1009,66140,"1,114.60",417.92,0.22517542182301786
268,2021-02-01,101.06,0.75,1021,66640,"1,117.20",404.71,0.19042311556730926
269,2021-02-02,101.08,0.75,1019,67210,"1,118.00",416.77,0.3556866978520493
270,2021-02-03,101.1,0.75,1017,66500,"1,116.60",422.69,0.2828261645809377
271,2021-02-04,101.12,0.75,1009,66280,"1,114.00",425.92,-0.04154566073158902
272,2021-02-05,101.14,0.75,1014,65500,"1,116.70",419.84,0.21357071452079973
273,2021-02-08,101.19,0.75,1023,65990,"1,124.00",422.3,0.10509810438387998
274,2021-02-09,101.21,0.74,1042,65800,"1,119.10",420.71,0.25965319625170125
275,2021-02-10,101.23,0.74,1039,66180,"1,116.00",418.4,0.16302696542367665
276,2021-02-15,101.33,0.74,1048,65810,"1,110.10",420.85,0.1301625775008524
277,2021-02-16,101.35,0.74,1065,65050,"1,103.10",427.8,0.28292794148883593
278,2021-02-17,101.37,0.74,1064,64600,"1,099.70",429.2,-0.07136198507215005
279,2021-02-18,101.39,0.74,1066,64100,"1,107.70",423.92,0.0757597678325525
280,2021-02-19,101.41,0.73,1063,63800,"1,105.70",417.98,0.2557178572304278
281,2021-02-22,101.46,0.73,1066,64000,"1,107.10",421.96,-0.038785272961601606
282,2021-02-23,101.48,0.73,1079,65360,"1,106.50",415.07,0.3390684252607012
283,2021-02-24,101.5,0.73,1072,65160,"1,110.80",415.78,0.1694710493155354
284,2021-02-25,101.52,0.73,1081,65000,"1,110.20",412.05,0.09873624354491825
285,2021-02-26,101.54,0.73,1078,64270,"1,108.40",421.19,0.11475275081730424
286,2021-03-02,101.6,0.73,1093,62500,"1,121.80",411.0,0.1835526751363226
287,2021-03-03,101.61,0.73,1094,63500,"1,121.30",414.45,0.21420276851639944
288,2021-03-04,101.61,0.73,1105,63280,"1,122.90",419.34,0.0911694717699518
289,2021-03-05,101.62,0.73,885,62900,"1,126.20",413.32,0.0631840322003662
290,2021-03-08,101.65,0.73,1094,62450,"1,129.40",412.86,0.3538160098813693
291,2021-03-09,101.66,0.73,1100,62400,"1,131.30",407.33,0.19647671127995162
292,2021-03-10,101.66,0.73,1096,63120,"1,141.10",406.37,0.08974678881709529
293,2021-03-11,101.67,0.73,1095,64000,"1,140.70",404.36,0.00489908641982978
294,2021-03-12,101.68,0.74,1095,63600,"1,137.30",413.67,0.17810574970890405
295,2021-03-15,101.71,0.75,1099,63200,"1,130.70",416.58,0.09476499318420148
296,2021-03-16,101.71,0.75,1123,63600,"1,135.90",414.82,0.049979043982702365
297,2021-03-17,101.72,0.75,1121,63470,"1,132.50",417.35,0.13993091567116828
298,2021-03-18,101.73,0.75,1124,63800,"1,131.80",414.97,0.08909982486875477
299,2021-03-19,101.74,0.75,1118,63570,"1,123.70",416.7,0.11829438027363953
300,2021-03-22,101.76,0.75,1124,63550,"1,131.80",412.92,0.23439917819234074
301,2021-03-23,101.77,0.76,1120,63350,"1,131.30",412.89,0.5218649881347189
302,2021-03-24,101.78,0.76,1125,63430,"1,128.00",407.32,0.575130687151509
303,2021-03-25,101.79,0.76,1124,63580,"1,133.50",407.03,0.16471032416568485
304,2021-03-26,101.8,0.76,1122,63550,"1,134.20",409.16,0.1999863804542897
305,2021-03-29,101.82,0.76,1123,63240,"1,131.80",413.9,0.19409002350791818
306,2021-03-30,101.83,0.76,1090,63160,"1,131.70",412.32,0.25380381806391883
307,2021-03-31,101.84,0.76,1092,62300,"1,133.50",417.12,0.14480719993887609
308,2021-04-01,101.84,0.76,1086,62850,"1,132.60",416.99,0.20680968542517356
309,2021-04-02,101.85,0.76,1080,63100,"1,129.30",422.19,0.246246500717566
310,2021-04-05,101.86,0.76,1084,63230,"1,127.50",425.15,0.2240870681905704
311,2021-04-06,101.87,0.74,1086,62990,"1,127.80",425.18,0.3042064895507304
312,2021-04-07,101.87,0.73,1091,63260,"1,122.90",426.22,0.13556391001937207
313,2021-04-08,101.88,0.72,1087,62930,"1,116.40",426.73,0.27576147909032706
314,2021-04-09,101.88,0.72,1082,63270,"1,118.50",427.26,0.35451033310440094
315,2021-04-12,101.9,0.72,1093,63400,"1,117.20",424.73,0.22242130976039887
316,2021-04-13,101.9,0.72,1066,63310,"1,124.30",424.4,0.21170212682100864
317,2021-04-14,101.91,0.71,1076,63320,"1,126.10",429.14,0.18739123600394222
318,2021-04-15,101.91,0.71,1069,63000,"1,119.90",430.41,0.18572895292139274
319,2021-04-16,101.91,0.71,1059,63410,"1,117.60",432.43,0.2828007328428869
320,2021-04-19,101.93,0.71,1066,63920,"1,117.90",432.74,0.27541057515455486
321,2021-04-20,101.93,0.71,1095,64190,"1,118.20",431.9,0.2076194330308673
322,2021-04-21,101.94,0.7,1080,64200,"1,113.40",433.4,0.15317282940715282
323,2021.4.22,101.94,0.7,1086,64590,"1,117.40",427.06,0.04926943978841535
324,2021.4.23,101.95,0.7,1086,64620,"1,116.30",426.68,0.2102277705063708
325,2021.4.26,101.96,0.7,1088,64220,"1,118.90",428.89,0.0745435077166486
326,2021.4.27,101.97,0.7,1098,63990,"1,114.00",432.46,0.47746748064289396
327,2021.4.28,101.97,0.7,1099,63870,"1,110.80",432.2,0.11974472549807957
328,2021.4.29,101.98,0.7,1101,63820,"1,112.50",428.07,0.319389642650193
329,2021.4.30,101.98,0.7,1097,63680,"1,107.40",426.61,0.28027041872454156
330,2021.5.3,101.99,0.69,1092,63740,"1,109.60",422.54,0.21526179038549603
331,2021.5.4,101.99,0.69,1099,64650,"1,119.30",420.99,0.17085272998975504
332,2021.5.6,101.99,0.69,1105,64650,"1,121.10",423.62,-0.009442691451445094
333,2021.5.7,102.0,0.68,1101,65460,"1,125.50",426.51,0.34208410142268625
334,2021.5.10,102.0,0.67,1098,66200,"1,121.40",429.04,0.056670962840833526
335,2021.5.11,102.0,0.67,1119,66050,"1,114.60",434.14,0.18555485545208933
336,2021.5.12,102.01,0.66,1125,66280,"1,119.10",428.74,0.08604710537531152
337,2021.5.13,102.01,0.66,1135,66480,"1,123.50",419.6,0.08702346078401042
338,2021.5.14,102.01,0.65,1133,66340,"1,130.60",417.5,0.20774206644125484
339,2021.5.17,102.02,0.65,1124,66810,"1,129.50",421.97,0.12733872899217547
340,2021.5.18,102.02,0.65,1120,68500,"1,133.00",418.28,0.3194906445374693
341,2021.5.20,102.03,0.65,1125,68450,"1,133.10",423.38,0.1411833848809256
342,2021.5.21,102.03,0.65,1121,68500,"1,132.20",423.12,0.1732543982460136
343,2021.5.24,102.03,0.65,1125,68910,"1,126.90",421.92,0.1412474695339824
344,2021.5.25,102.04,0.65,1130,68400,"1,127.60",421.91,0.08941539540897402
345,2021.5.26,102.04,0.64,1131,68640,"1,122.80",424.46,0.20566602010387272
346,2021.5.27,102.04,0.64,1127,68500,"1,118.60",423.92,0.07350667546780788
347,2021.5.28,102.04,0.64,1126,68420,"1,118.00",423.88,0.1827997135079297
348,2021.5.31,102.05,0.64,1136,68120,"1,116.00",426.31,0.1803605199031964
349,2021.6.1,102.05,0.64,1128,68310,"1,113.50",428.08,0.2037383600271963
350,2021.6.2,102.05,0.63,1131,68130,"1,107.00",430.6,-0.004563796364966152
351,2021.6.3,102.05,0.63,1126,68050,"1,110.30",430.2,0.14208412069983037
352,2021-06-04,102.05,0.62,1129,67590,"1,111.80",433.7,0.23076011246717001
353,2021-06-07,102.05,0.62,1135,67590,"1,117.50",432.82,0.25300465626270463
354,2021-06-08,102.05,0.62,1135,67860,"1,111.20",433.21,0.28709253991963923
355,2021-06-09,102.05,0.62,1140,68120,"1,113.70",432.35,0.11897639988953701
356,2021-06-10,102.05,0.62,1143,67990,"1,115.80",428.23,0.2137346225600181
357,2021-06-11,102.05,0.62,1138,68100,"1,115.00",429.61,0.19026568374089006
358,2021-06-14,102.05,0.62,1140,67670,"1,111.20",432.7,0.3879137568357477
359,2021-06-15,102.05,0.63,1147,67070,"1,116.40",433.41,0.3567629172251057
360,2021-06-16,102.05,0.64,1148,67200,"1,117.80",434.19,0.34472671574601854
361,2021-06-17,102.05,0.64,1145,66400,"1,117.70",436.61,0.10699610159732453
362,2021-06-18,102.05,0.65,1145,65000,"1,129.50",434.82,0.26138807192499214
363,2021-06-21,102.05,0.65,1149,64980,"1,132.20",434.57,0.2651559383032691
364,2021-06-22,102.05,0.66,1159,65160,"1,135.40",432.1,0.29034700222398013
365,2021-06-23,102.05,0.66,1170,65170,"1,132.40",434.65,0.04890875223993532
366,2021-06-24,102.05,0.67,1162,65390,"1,135.60",437.54,0.1505526413860443
367,2021-06-25,102.05,0.7,1167,65100,"1,135.80",438.76,0.2740128510505228
368,2021-06-28,102.05,0.73,1182,64860,"1,128.80",440.78,0.33281056336825826
369,2021-06-29,102.05,0.75,1179,65010,"1,129.90",440.48,0.39239043610650476
370,2021-06-30,102.05,0.77,1161,64800,"1,130.00",437.76,0.26483126187789374
371,2021-07-01,102.06,0.78,1181,64320,"1,129.50",439.01,0.12172022353925997
372,2021-07-02,102.06,0.78,1176,65110,"1,132.20",436.31,0.13883170824511057
373,2021-07-05,102.08,0.78,1178,65220,"1,134.50",436.53,0.143552040857135
374,2021-07-06,102.09,0.78,1180,65300,"1,130.30",437.96,0.23307153639953862
375,2021-07-07,102.1,0.78,1188,65950,"1,131.80",439.29,0.1122962586158776
376,2021-07-08,102.1,0.76,1186,66390,"1,137.60",437.2,0.2078971495751762
377,2021-07-09,102.11,0.76,1181,66690,"1,143.40",431.64,0.08295413875888313
378,2021-07-12,102.13,0.75,1182,66850,"1,148.30",429.33,0.5620718728821099
379,2021-07-13,102.14,0.75,1204,66700,"1,146.40",432.39,0.31043650350249014
380,2021-07-14,102.14,0.75,1200,66930,"1,145.10",434.47,-0.04803784356921982
381,2021-07-15,102.15,0.75,1199,67360,"1,150.30",434.24,0.23346817224529431
382,2021-07-16,102.16,0.77,1193,67480,"1,143.70",436.24,0.07394814800510245
383,2021-07-19,102.18,0.77,1199,66980,"1,141.10",432.25,0.15342322782093692
384,2021-07-20,102.19,0.77,1202,67190,"1,145.70",427.14,0.288493680773897
385,2021-07-21,102.19,0.77,1202,67290,"1,151.00",430.99,0.060135068822912016
386,2021-07-22,102.2,0.77,1203,67240,"1,150.60",428.75,0.28160101988881237
387,2021-07-23,102.21,0.77,1204,66730,"1,151.00",431.75,0.19953567513159154
388,2021-07-26,102.23,0.76,1207,66990,"1,149.50",433.14,0.18279119994045137
389,2021-07-27,102.23,0.76,1188,67000,"1,153.20",430.14,0.2365403017928334
390,2021-07-28,102.24,0.75,1193,66810,"1,150.20",427.3,0.33465905333512047
391,2021-07-29,102.25,0.76,1191,67130,"1,154.80",430.58,0.28955087089598497
392,2021-07-30,102.25,0.76,1185,67390,"1,147.40",428.12,0.2510342349861975
393,2021-08-02,102.29,0.76,1183,67110,"1,147.50",426.29,0.10202789909155446
394,2021-08-03,102.31,0.76,1205,67070,"1,151.50",426.65,0.19574470935378321
395,2021-08-04,102.32,0.76,1202,67290,"1,150.70",431.6,0.28056540429627935
396,2021-08-05,102.34,0.76,1204,66620,"1,145.80",436.46,0.2536967596476633
397,2021-08-06,102.35,0.76,1202,66610,"1,143.50",434.85,0.25444250542002833
398,2021-08-09,102.4,0.76,1206,64770,"1,142.30",431.57,0.32418584220549584
399,2021-08-10,102.42,0.76,1191,64540,"1,145.00",433.01,0.33672871737200477
400,2021-08-11,102.43,0.76,1195,64880,"1,148.50",427.16,0.12426138544033129
401,2021-08-12,102.45,0.76,1204,65330,"1,155.00",423.17,0.22210038013331307
402,2021-08-13,102.47,0.76,1193,65760,"1,158.90",421.38,0.2992563229402398
403,2021-08-17,102.53,0.76,1185,66920,"1,167.80",415.5,0.1994435428796575
404,2021-08-18,102.54,0.76,1184,67800,"1,174.90",410.92,0.2755344116682972
405,2021-08-19,102.56,0.77,1186,67290,"1,172.70",410.84,0.061646307081846895
406,2021-08-20,102.58,0.77,1182,67200,"1,174.50",406.64,0.1217177414918196
407,2021-08-23,102.62,0.78,1185,67520,"1,176.70",404.32,0.17057391655474044
408,2021-08-24,102.64,0.8,1171,67670,"1,174.00",408.47,0.3352253163248095
409,2021-08-25,102.66,0.82,1172,67500,"1,168.00",414.01,0.22349467190545108
410,2021-08-26,102.67,0.85,1171,67220,"1,166.50",414.49,0.052346266550065
411,2021-08-27,102.69,0.88,1169,67330,"1,168.10",408.63,0.2389896445861017
412,2021-08-30,102.73,0.89,1175,67630,"1,170.80",414.15,0.3874157559454143
413,2021-08-31,102.75,0.89,1178,67700,"1,164.40",411.69,0.04738983667749318
414,2021-09-01,102.76,0.89,1181,67410,"1,162.80",419.17,0.4292535192376509
415,2021-09-02,102.78,0.89,1177,67390,"1,157.50",419.19,0.12972746709049832
416,2021-09-03,102.79,0.89,1178,67450,"1,159.70",417.67,0.30041519377515874
417,2021-09-06,102.83,0.89,1180,67320,"1,156.40",418.99,0.13391220343287938
418,2021-09-07,102.85,0.89,1191,67690,"1,157.30",419.85,0.29972845702127304
419,2021-09-08,102.86,0.9,1197,67190,"1,157.90",416.35,0.1735920894764619
420,2021-09-09,102.88,0.9,1199,67150,"1,164.50",411.98,0.0803437872276581
421,2021-09-10,102.89,0.91,1194,67290,"1,170.10",407.99,0.16367415916425015
422,2021-09-13,102.93,0.92,1197,67350,"1,170.40",407.33,0.16779317961677753
423,2021-09-14,102.95,0.93,1202,67690,"1,174.30",411.06,0.2232123378637584
424,2021-09-15,102.96,0.94,1200,67700,"1,172.20",412.05,0.12122981709387008
425,2021-09-16,102.97,0.95,1197,67440,"1,171.70",414.22,0.12724872859368117
426,2021-09-17,102.99,0.95,1198,66400,"1,169.10",408.9,0.3008167094006098
427,2021-09-23,103.07,0.96,1233,67150,"1,177.60",409.04,0.08302571194775105
428,2021-09-24,103.09,0.97,1226,66270,"1,181.70",412.01,0.09176192383519488
429,2021-09-27,103.13,0.97,1225,66600,"1,175.30",409.28,-0.1585957741141527
430,2021-09-28,103.14,0.97,1250,66770,"1,175.90",410.74,0.06420877002483762
431,2021-09-29,103.16,0.97,1252,66600,"1,182.00",400.44,0.1213639413384721
432,2021-09-30,103.17,0.97,1244,66300,"1,184.90",399.41,0.12822301848488155
433,2021-10-01,103.18,0.97,1247,66800,"1,185.20",399.53,0.17777803570001083
434,2021-10-05,103.2,0.98,1275,67000,"1,187.20",391.95,0.2111298858668295
435,2021-10-06,103.2,0.98,1285,67200,"1,187.10",391.01,0.14993671713581455
436,2021-10-07,103.21,0.99,1286,67590,"1,190.00",385.87,0.05784599848311969
437,2021-10-08,103.22,1.0,1280,67490,"1,190.30",390.42,0.13967532527886228
438,2021-10-12,103.24,1.0,1308,67620,"1,193.40",386.27,0.039817801717635264
439,2021-10-13,103.25,1.01,1326,68000,"1,199.10",380.12,0.19024268332539654
440,2021-10-14,103.25,1.01,1332,68400,"1,195.00",387.39,0.08956830774930091
441,2021-10-15,103.26,1.01,1327,68280,"1,188.30",392.94,0.03989731826769615
442,2021-10-18,103.27,1.02,1319,68030,"1,182.80",393.39,0.3220810124616551
443,2021-10-19,103.28,1.03,1361,67500,"1,185.80",394.26,0.14367080273298785
444,2021-10-20,103.29,1.03,1362,67170,"1,181.70",397.48,0.3993855685129939
445,2021-10-21,103.29,1.03,1363,67210,"1,175.60",393.56,0.35168597594723255
446,2021-10-22,103.3,1.04,1361,67730,"1,175.80",392.82,0.5586266723966994
447,2021-10-25,103.32,1.04,1364,68030,"1,178.40",392.45,0.25449509126379066
448,2021-10-26,103.32,1.05,1367,68010,"1,171.80",397.75,0.4157739578473747
449,2021-10-27,103.33,1.06,1370,67850,"1,166.30",398.31,0.2788855346955615
450,2021-10-28,103.33,1.1,1370,67790,"1,168.10",394.87,0.1392761164434498
451,2021-10-29,103.34,1.11,1367,67890,"1,171.70",396.08,0.0863365727098056
452,2021-11-01,103.37,1.13,1370,67460,"1,169.60",390.34,0.11633253042387284
453,2021-11-02,103.38,1.13,1378,67920,"1,176.30",392.18,0.24417028570273158
454,2021-11-03,103.4,1.13,1382,67930,"1,175.50",395.73,0.1842351283701466
455,2021-11-04,103.42,1.13,1385,67620,"1,181.10",393.16,0.022659269015152732
456,2021-11-05,103.44,1.14,1369,67650,"1,180.00",394.65,0.30195962081696337
457,2021-11-08,103.49,1.15,1381,68500,"1,185.20",390.1,0.3113319384727787
458,2021-11-09,103.51,1.15,1368,69320,"1,184.30",389.17,0.16209277782792128
459,2021-11-10,103.52,1.15,1372,69320,"1,178.40",388.37,0.13828777297680192
460,2021-11-11,103.54,1.17,1361,69700,"1,181.00",383.84,0.13657239236317065
461,2021-11-12,103.56,1.17,1268,70800,"1,184.70",389.13,0.040836729332372194
462,2021-11-15,103.61,1.17,1276,70540,"1,179.60",393.36,0.30016092698057745
463,2021-11-16,103.63,1.17,1269,70400,"1,180.20",393.94,0.3640368184418954
464,2021-11-17,103.64,1.17,1274,70520,"1,179.60",394.88,0.07673813338214054
465,2021-11-18,103.66,1.18,1273,70700,"1,183.60",388.86,0.21105657640740041
466,2021-11-19,103.68,1.19,1269,70690,"1,180.50",387.97,0.14747940242486884
467,2021-11-22,103.73,1.21,1272,70600,"1,183.50",393.16,0.28495323165667685
468,2021-11-23,103.75,1.23,1253,69380,"1,187.40",399.43,0.27684114870885845
469,2021-11-24,103.77,1.25,1255,68780,"1,188.90",397.88,0.284939508767359
470,2021-11-25,103.78,1.28,1256,68600,"1,188.50",395.67,0.0830541099429313
471,2021-11-26,103.8,1.32,1246,68820,"1,189.70",390.61,0.17356478139246193
472,2021-11-29,103.85,1.33,1254,69500,"1,193.00",381.25,0.2900308077527927
473,2021-11-30,103.87,1.34,1232,68700,"1,193.40",385.01,0.3495419389991579
474,2021-12-01,103.88,1.34,1241,68730,"1,187.70",376.45,-0.23161792394700267
475,2021-12-02,103.88,1.34,1234,68190,"1,180.30",379.76,0.1757348365811704
476,2021-12-03,103.89,1.34,1228,68000,"1,177.30",388.21,0.11683678472884157
477,2021-12-06,103.9,1.35,1238,68260,"1,178.60",389.95,0.1570545959147298
478,2021-12-07,103.91,1.35,1220,68360,"1,183.70",392.88,0.29817309691954835
479,2021-12-08,103.91,1.35,1205,68340,"1,181.20",399.89,0.2818006500878527
480,2021-12-09,103.92,1.35,1210,68250,"1,176.40",398.19,0.18843884905843167
481,2021-12-10,103.92,1.35,1197,68200,"1,173.80",398.21,0.22197787132064267
482,2021-12-13,103.94,1.36,1205,68220,"1,178.20",399.38,0.22153960140636922
483,2021-12-14,103.95,1.36,1174,68700,"1,178.80",394.54,0.23213080660497337
484,2021-12-15,103.95,1.36,1173,68360,"1,183.60",393.99,0.08759266401388402
485,2021-12-16,103.96,1.36,1173,68400,"1,186.20",398.93,0.15417811608349521
486,2021-12-17,103.96,1.36,1169,68690,"1,183.50",394.46,0.3559920672046173
487,2021-12-20,103.98,1.36,1172,68860,"1,184.40",396.42,0.3727227082408786
488,2021-12-21,103.99,1.37,1185,69040,"1,189.80",394.35,0.31865175984157945
489,2021-12-22,103.99,1.37,1184,68890,"1,191.50",396.82,0.1935710760742347
490,2021-12-23,104.0,1.37,1187,69200,"1,191.20",397.98,0.1725652987084063
491,2021-12-24,104.0,1.37,1178,69140,"1,187.50",399.72,0.19848914272939733
492,2021-12-27,104.02,1.38,1185,69250,"1,186.40",400.61,0.35352649887211557
493,2021-12-28,104.02,1.38,1178,69100,"1,186.20",399.56,0.30568282008209613
494,2021-12-29,104.03,1.39,1183,69350,"1,186.70",398.74,0.27904624781434995
495,2021-12-30,104.03,1.39,1170,69130,"1,186.60",397.13,0.21853444271777608
496,2022-01-03,104.1,1.41,1170,69010,"1,185.50",397.16,0.24880579560072538
497,2022-01-04,104.12,1.4,1198,69390,"1,190.80",396.01,0.3410671871614954
498,2022-01-05,104.14,1.4,1208,69850,"1,194.30",394.91,0.12597575846827147
499,2022-01-06,104.17,1.39,1211,69900,"1,198.20",386.59,0.20694233134537557
500,2022-01-07,104.19,1.39,1207,69410,"1,199.60",388.3,0.26315964859751556
501,2022-01-10,104.25,1.39,1213,69390,"1,202.40",389.68,0.06965982191383907
502,2022-01-11,104.27,1.39,1231,69460,"1,200.00",388.32,0.15256058594655217
503,2022-01-12,104.29,1.39,1237,69900,"1,195.20",392.29,-0.10878331149252056
504,2022-01-13,104.31,1.39,1239,69800,"1,189.90",395.68,-0.009857928207633919
505,2022-01-14,104.33,1.41,1230,69800,"1,188.20",389.66,-0.10621473577726459
506,2022-01-17,104.4,1.49,1236,69410,"1,187.60",387.0,0.19933867747362236
507,2022-01-18,104.42,1.5,1269,69800,"1,192.30",385.07,0.32036705814169464
508,2022-01-19,104.44,1.5,1272,69620,"1,188.90",377.75,-0.11066590039276483
509,2022-01-20,104.46,1.5,1280,70050,"1,191.80",377.97,0.11716326112702918
510,2022-01-21,104.48,1.5,1269,70400,"1,190.40",376.74,0.051089315974056124
511,2022-01-24,104.54,1.5,1271,70480,"1,193.60",374.64,0.13919082252980494
512,2022-01-25,104.56,1.5,1297,70740,"1,194.20",370.3,0.15260066449189133
513,2022-01-26,104.59,1.5,1305,71030,"1,197.80",363.72,0.018550313896462348
514,2022-01-27,104.61,1.5,1311,70480,"1,197.00",360.83,0.28675291933310126
515,2022-01-28,104.63,1.51,1297,69790,"1,202.40",350.29,0.05856670327740416
516,2022-02-03,104.76,1.51,1316,70190,"1,205.70",364.07,0.16200965866172756
517,2022-02-04,104.78,1.51,1318,70080,"1,205.40",363.1,0.1721731077563414
518,2022-02-07,104.84,1.49,1328,69750,"1,199.50",365.4,0.15769278231634207
519,2022-02-08,104.86,1.48,1359,70130,"1,199.40",365.91,0.05737505364647901
520,2022-02-09,104.89,1.48,1362,70240,"1,197.80",367.02,0.31280552172479675
521,2022-02-10,104.91,1.48,1363,70430,"1,196.00",371.84,0.20145278271298966
522,2022-02-11,104.93,1.47,1357,70410,"1,196.00",367.54,0.09676110536436885
523,2022-02-14,105.0,1.47,1362,71650,"1,199.60",364.36,0.16396106947285807
524,2022-02-15,105.02,1.47,1369,72000,"1,198.30",364.44,0.30606021074944484
525,2022-02-16,105.04,1.47,1369,71300,"1,198.50",365.96,0.21679873619493142
526,2022-02-17,105.06,1.47,1373,71330,"1,196.90",368.11,0.3351018022919066
527,2022-02-18,105.08,1.46,1366,72500,"1,197.10",365.57,0.12526332724981276
528,2022-02-21,105.15,1.46,1372,72510,"1,196.40",362.83,0.3281374426880264
529,2022-02-22,105.17,1.46,1380,72980,"1,194.60",362.93,0.2046374739413694
530,2022-02-23,105.19,1.46,1386,73010,"1,194.70",366.25,-0.05627509956551977
531,2022-02-24,105.21,1.46,1384,73000,"1,192.10",360.05,0.13829026229614622
532,2022-02-25,105.23,1.46,1381,73700,"1,199.40",358.79,0.0648957287732837
533,2022-02-28,105.3,1.46,1380,73300,"1,202.70",356.59,0.28889168379330943
534,2022-03-02,105.35,1.46,1412,74520,"1,205.60",361.52,0.21587374106044888
535,2022-03-03,105.37,1.46,1417,74010,"1,205.00",364.37,0.15475425278230792
536,2022-03-04,105.4,1.45,1406,74420,"1,203.60",365.35,0.1795307891639738
537,2022-03-07,105.47,1.45,1440,76470,"1,211.50",356.59,0.34127396957231587
538,2022-03-08,105.5,1.45,1515,77670,"1,225.40",348.12,-0.004253448987725957
539,2022-03-10,105.55,1.45,1538,77350,"1,234.50",354.33,0.011065166006145672
540,2022-03-11,105.57,1.45,1526,77260,"1,228.70",355.95,0.21593964206629102
541,2022-03-14,105.64,1.45,1534,77750,"1,232.40",354.72,0.2111784250909018
542,2022-03-15,105.67,1.45,1690,77500,"1,238.60",352.34,0.21450196409765424
543,2022-03-16,105.69,1.45,1713,76010,"1,241.70",354.88,0.04422386181181689
544,2022-03-17,105.72,1.45,1704,75700,"1,240.40",362.39,0.22535927551559268
545,2022-03-18,105.74,1.45,1702,75370,"1,220.60",361.16,0.12084745857426407
546,2022-03-21,105.81,1.45,1701,74650,"1,211.10",363.81,0.3138794704498231
547,2022-03-22,105.84,1.46,1605,75330,"1,213.70",358.76,0.3356320377680572
548,2022-03-23,105.86,1.47,1590,75300,"1,221.40",364.06,0.46902723999076495
549,2022-03-24,105.89,1.47,1582,75490,"1,212.70",361.83,0.44389676880650936
550,2022-03-25,105.91,1.49,1582,76180,"1,219.40",364.76,0.35794686847326573
551,2022-03-28,105.99,1.51,1586,76500,"1,218.30",360.63,0.13823132938642857
552,2022-03-29,106.01,1.54,1661,75350,"1,225.70",364.18,0.29901588644742916
553,2022-03-30,106.04,1.55,1660,74480,"1,220.50",366.17,0.0636006297998506
554,2022-03-31,106.06,1.55,1663,75010,"1,210.80",364.1,0.15555560736427934
555,2022-04-01,106.09,1.54,1665,75000,"1,210.70",363.97,0.25938542471039067
556,2022-04-04,106.17,1.54,1663,75600,"1,216.10",361.85,0.24561761176530011
557,2022-04-05,106.19,1.54,1622,75170,"1,216.70",366.08,0.31382111902636106
558,2022-04-06,106.22,1.54,1628,75210,"1,212.60",362.04,0.1750450365234912
559,2022-04-07,106.24,1.54,1634,75350,"1,219.10",358.43,0.31776411366544277
560,2022-04-08,106.27,1.54,1628,75820,"1,218.50",356.86,0.16757720017463823
561,2022-04-11,106.35,1.54,1613,76660,"1,224.00",354.47,0.20624229196338137
562,2022-04-12,106.38,1.54,1589,76780,"1,232.00",353.51,0.2522590694837257
563,2022-04-13,106.4,1.54,1588,77510,"1,236.60",353.83,0.017554193669405856
564,2022-04-14,106.43,1.57,1583,77450,"1,227.70",359.23,0.1439756900388928
565,2022-04-15,106.46,1.64,1583,77560,"1,224.20",354.35,0.10899992046268152
566,2022-04-18,106.53,1.64,1585,78160,"1,230.10",352.19,0.1647764246990966
567,2022-04-19,106.56,1.65,1612,78160,"1,232.80",355.77,0.17624813523858288
568,2022-04-20,106.59,1.65,1618,77400,"1,234.90",357.14,-5.9998118081389776e-05
569,2022-04-21,106.61,1.66,1618,77190,"1,237.10",358.33,-0.001862620076185748
570,2022-04-22,106.64,1.66,1616,77600,"1,236.40",355.54,0.24564096353999554
571,2022-04-25,106.72,1.67,1618,77000,"1,241.70",351.36,-0.3425218036152191
572,2022-04-26,106.74,1.66,1664,76350,"1,247.10",351.33,0.3227067002785008
573,2022-04-27,106.77,1.66,1664,76950,"1,248.30",346.42,-0.08711311327410447
574,2022-04-28,106.8,1.66,1668,76820,"1,263.10",348.61,-0.018187341982868522
575,2022-04-29,106.82,1.66,1647,77150,"1,269.40",350.43,-0.029301323180946973
576,2022-05-02,106.9,1.66,1626,77120,"1,265.40",351.31,0.2749615457727527
577,2022-05-03,106.92,1.67,1670,76090,"1,265.80",354.28,0.15295179164352965
578,2022-05-04,106.94,1.66,1692,76000,"1,265.70",354.85,0.26861063389637385
579,2022-05-06,106.99,1.66,1675,76630,"1,261.80",350.26,0.05614946457043724
580,2022-05-09,107.06,1.66,1666,76790,"1,272.70",347.71,0.11307799083761763
581,2022-05-10,107.08,1.66,1742,76610,"1,274.60",343.22,-0.005471190803792441
582,2022-05-11,107.1,1.67,1743,75790,"1,275.50",342.22,0.1838042499869429
583,2022-05-12,107.12,1.68,1740,76250,"1,277.00",340.14,0.04120973228555596
584,2022-05-13,107.15,1.69,1741,75900,"1,286.40",340.49,0.030267069562689236
585,2022-05-16,107.22,1.7,1746,75050,"1,286.00",348.13,-0.0015406905052438226
586,2022-05-17,107.24,1.71,1731,75230,"1,281.60",345.14,0.19482774888199772
587,2022-05-18,107.26,1.72,1727,74610,"1,277.20",349.62,0.03785080987735448
588,2022-05-19,107.29,1.73,1723,74370,"1,269.30",341.07,0.07385990104922416
589,2022-05-20,107.31,1.74,1720,75030,"1,274.60",345.15,0.07343271456857119
590,2022-05-23,107.38,1.75,1716,75400,"1,269.50",351.16,0.3193522116946574
591,2022-05-24,107.4,1.77,1711,75530,"1,267.70",349.02,0.0927111770874146
592,2022-05-25,107.42,1.78,1718,75700,"1,264.30",346.34,0.041099811999409416
593,2022-05-26,107.45,1.82,1714,75690,"1,263.30",345.54,0.1357416264607604
594,2022-05-27,107.47,1.93,1710,75500,"1,266.40",348.42,0.12349407419522583
595,2022-05-30,107.54,1.93,1718,74720,"1,256.90",351.53,0.31116668077871584
596,2022-05-31,107.56,1.94,1712,74440,"1,245.80",351.79,0.11996520525946314
597,2022-06-02,107.6,1.95,1718,74110,"1,238.40",352.29,0.01327660287162015
598,2022-06-03,107.63,1.96,1708,75020,"1,251.20",353.47,0.19389250646260636
599,2022-06-07,107.71,1.96,1791,74360,"1,241.10",350.04,0.180285539460252
600,2022-06-08,107.74,1.96,1783,74950,"1,257.10",346.46,0.1649076070927261
601,2022-06-09,107.76,1.96,1793,74990,"1,255.40",345.35,-0.09296134692278009
602,2022-06-10,107.78,1.96,1781,75100,"1,257.60",342.32,0.0551230532186379
603,2022-06-13,107.85,1.97,1791,76980,"1,266.00",335.76,0.06650007396961127
604,2022-06-14,107.87,2.0,1852,75990,"1,286.00",325.68,0.25599948027325775
605,2022-06-15,107.89,2.02,1857,75320,"1,289.70",327.7,0.01186108216440202
606,2022-06-16,107.91,2.08,1857,75650,"1,291.30",326.72,-0.0666561037275967
607,2022-06-17,107.93,2.12,1851,76450,"1,284.10",316.36,0.05164812542364403
608,2022-06-20,108.0,2.14,1859,76350,"1,287.50",321.46,-0.046098478506108966
609,2022-06-21,108.02,2.14,1888,76480,"1,291.70",315.95,0.03306597248887772
610,2022-06-22,108.04,2.15,1892,76220,"1,290.60",317.47,0.1163554826590591
611,2022-06-23,108.07,2.16,1897,76480,"1,295.70",308.81,-0.04480438769329757
612,2022-06-24,108.09,2.18,1914,76480,"1,300.70",307.47,0.16975820449473283
613,2022-06-27,108.15,2.2,1928,76310,"1,299.40",314.31,0.23889778358514632
614,2022-06-28,108.18,2.22,1910,75600,"1,285.60",316.65,-0.014185993942931888
615,2022-06-29,108.2,2.24,1882,75680,"1,284.90",314.33,-0.02290932240674611
616,2022-06-30,108.22,2.27,1906,75850,"1,292.90",311.2,-0.07629239742102618
617,2022-07-01,108.24,2.31,1889,75060,"1,299.80",308.72,0.16639523584438948
618,2022-07-04,108.29,2.34,1893,75450,"1,294.20",304.46,0.17223907160583962
619,2022-07-05,108.3,2.36,1833,75540,"1,297.90",307.15,0.11859278470710889
620,2022-07-06,108.32,2.37,1830,74920,"1,298.00",307.14,0.061363208139017925
621,2022-07-07,108.34,2.38,1796,74450,"1,307.40",304.3,-0.03362385803058675
622,2022-07-08,108.35,2.41,1791,73210,"1,302.70",310.73,0.09660167215713782
623,2022-07-11,108.4,2.43,1803,72890,"1,299.30",311.05,0.020998172694575754
624,2022-07-12,108.42,2.44,1671,73000,"1,300.60",306.94,0.047488453735849714
625,2022-07-13,108.44,2.48,1674,72790,"1,312.90",306.24,-0.09313481019995704
626,2022-07-14,108.45,2.56,1677,72800,"1,305.90",304.7,0.09919639390808463
627,2022-07-15,108.47,2.58,1661,72610,"1,310.00",307.45,0.028407176082873433
628,2022-07-18,108.52,2.59,1672,72880,"1,323.70",311.06,0.37557600652190026
629,2022-07-19,108.54,2.6,1621,72700,"1,317.80",313.38,0.2439484072843825
630,2022-07-20,108.56,2.59,1625,72070,"1,314.90",319.15,0.14482612143778922
631,2022-07-21,108.57,2.59,1610,71790,"1,308.60",316.22,0.1445376145316486
632,2022-07-22,108.59,2.61,1602,72250,"1,312.10",319.12,0.11805852192202552
633,2022-07-25,108.64,2.6,1622,72690,"1,311.70",316.4,0.047941709750889856
634,2022-07-26,108.66,2.6,1578,72650,"1,311.00",317.39,-0.0020613270080857924
635,2022-07-27,108.67,2.61,1576,72580,"1,310.00",319.83,0.08872905876462675
636,2022-07-28,108.69,2.63,1567,72800,"1,312.80",322.89,0.07215330334312019
637,2022-07-29,108.71,2.65,1559,73010,"1,304.00",324.38,0.046939227082594494
638,2022-08-01,108.74,2.63,1594,73750,"1,298.60",322.14,0.09293792817901318
639,2022-08-02,108.73,2.65,1554,74420,"1,306.40",322.64,0.20029101390675813
640,2022-08-03,108.73,2.65,1561,74230,"1,307.20",321.48,0.11481768517281159
641,2022-08-04,108.72,2.65,1545,74340,"1,310.50",326.11,0.1479742355431087
642,2022-08-05,108.72,2.66,1548,75040,"1,309.70",326.71,0.04134973671334954
643,2022-08-08,108.71,2.65,1560,74500,"1,299.30",326.05,0.06959447578449987
644,2022-08-09,108.71,2.65,1499,74680,"1,304.80",327.21,0.22672872475968248
645,2022-08-10,108.7,2.66,1508,74820,"1,305.10",326.3,-0.0050257234294270705
646,2022-08-11,108.7,2.66,1512,75100,"1,309.10",328.2,0.2133646642749905
647,2022-08-12,108.69,2.66,1492,75100,"1,302.50",329.23,0.09135777661207432
648,2022-08-16,108.68,2.67,1490,75070,"1,303.10",332.68,0.2851298567213793
649,2022-08-17,108.67,2.67,1476,74910,"1,309.60",332.11,0.3100918342252032
650,2022-08-18,108.67,2.67,1482,74880,"1,309.80",327.47,0.3092080282275395
651,2022-08-19,108.67,2.67,1473,74910,"1,317.30",329.06,0.16451405082167156
652,2022-08-22,108.65,2.68,1479,74810,"1,326.70",323.29,0.06157936520656294
653,2022-08-23,108.65,2.69,1506,74920,"1,338.20",320.85,0.22430380603846367
654,2022-08-24,108.65,2.71,1525,75060,"1,341.80",320.15,-0.18708085481876138
655,2022-08-25,108.64,2.76,1519,75300,"1,341.40",321.58,0.22730030795557835
656,2022-08-26,108.64,2.84,1513,75370,"1,336.90",325.36,0.09758922991982501
657,2022-08-29,108.63,2.85,1524,74980,"1,332.50",317.45,0.41241252088614166
658,2022-08-30,108.62,2.88,1611,75140,"1,347.70",317.97,0.2107717459100634
659,2022-08-31,108.62,2.87,1630,74600,"1,347.50",316.96,0.133173466887867
660,2022-09-01,108.63,2.88,1618,73950,"1,345.10",318.74,0.34738264859351253
661,2022-09-02,108.64,2.89,1620,74130,"1,351.40",316.46,0.1986908629646712
662,2022-09-05,108.67,2.89,1616,74660,"1,356.50",313.09,0.12624677404870174
663,2022-09-06,108.68,2.88,1591,75430,"1,369.70",313.36,0.35141734653433887
664,2022-09-07,108.69,2.88,1596,75500,"1,370.30",310.86,0.13940200238430217
665,2022-09-08,108.7,2.89,1584,75890,"1,385.30",310.23,0.19210034456548533
666,2022-09-13,108.75,2.88,1586,76080,"1,381.20",313.93,0.20470397373113358
667,2022-09-14,108.76,2.88,1589,75600,"1,374.80",310.08,0.14062547138311876
668,2022-09-15,108.78,2.89,1567,75840,"1,391.70",313.15,0.2588503519950386
669,2022-09-16,108.79,2.9,1559,74930,"1,394.20",308.58,0.14019428291739547
670,2022-09-19,108.82,2.92,1565,74800,"1,394.20",309.58,0.08740712380378436
671,2022-09-20,108.83,2.93,1519,75000,"1,390.10",308.76,0.1398003542128373
672,2022-09-21,108.84,2.93,1514,74680,"1,389.10",305.09,0.0075541827819453865
673,2022-09-22,108.85,2.95,1513,74990,"1,393.60",300.67,-0.007097164188429037
674,2022-09-23,108.86,3.03,1508,75200,"1,408.00",301.48,0.014761688696832451
675,2022-09-26,108.89,3.07,1504,75150,"1,408.40",293.65,0.20883600197621247
676,2022-09-27,108.9,3.13,1467,75190,"1,429.70",290.27,0.011493966984467153
677,2022-09-28,108.91,3.15,1474,74850,"1,427.20",287.66,0.22246960871749613
678,2022-09-29,108.92,3.16,1468,75500,"1,436.50",286.6,0.11979257453178735
679,2022-09-30,108.93,3.18,1460,76000,"1,434.80",281.75,0.08401483493734391
680,2022-10-04,108.97,3.17,1473,76990,"1,432.10",286.25,-0.09643018277498001
681,2022-10-05,108.98,3.17,1451,78200,"1,431.20",293.87,0.04014233243227577
682,2022-10-06,108.98,3.19,1450,77800,"1,419.10",291.2,-0.006602284855689444
683,2022-10-07,108.99,3.2,1441,77600,"1,404.20",288.35,0.20133844094068765
684,2022-10-11,109.03,3.23,1517,76750,"1,410.30",284.39,-0.18365750462789193
685,2022-10-12,109.04,3.3,1526,76960,"1,433.50",285.23,-0.12665220476753647
686,2022-10-13,109.05,3.43,1519,76630,"1,430.40",286.27,-0.006392892898415934
687,2022-10-14,109.06,3.45,1532,76750,"1,427.00",287.59,0.11685501122879621
688,2022-10-17,109.08,3.53,1542,76700,"1,428.90",285.89,-0.227427094050979
689,2022-10-18,109.09,3.55,1532,76350,"1,436.60",293.34,0.10212423591462763
690,2022-10-19,109.1,3.6,1567,75900,"1,425.60",293.41,0.030391230505203072
691,2022-10-20,109.11,3.6,1567,75500,"1,420.60",289.33,-0.04126852447132895
692,2022-10-21,109.12,3.64,1566,75250,"1,431.70",287.68,0.27142616312397555
693,2022-10-24,109.15,3.73,1559,75750,"1,436.60",293.6,0.14303475339112712
694,2022-10-25,109.16,3.76,1551,76610,"1,436.60",291.29,-0.08413202416837864
695,2022-10-26,109.16,3.79,1552,76100,"1,436.50",292.21,-0.030711487171666732
696,2022-10-27,109.17,3.83,1552,75990,"1,428.20",295.85,0.19766155644756758
697,2022-10-28,109.18,3.86,1551,75980,"1,418.10",296.8,0.3182635973623419
698,2022-10-31,109.21,3.89,1551,75690,"1,419.30",298.61,0.06742788059957378
699,2022-11-01,109.21,3.9,1553,75230,"1,422.20",300.53,0.12027490861958517
700,2022-11-02,109.2,3.93,1553,75060,"1,421.70",302.49,0.09532108985408755
701,2022-11-03,109.2,3.95,1566,75150,"1,418.00",298.55,0.11318952529907944
702,2022-11-04,109.2,3.96,1565,74860,"1,422.10",301.16,-0.033865655028555645
703,2022-11-07,109.18,3.99,1547,76150,"1,422.40",306.08,0.11150512380276613
704,2022-11-08,109.18,3.99,1559,75260,"1,406.50",310.08,0.09676394810937619
705,2022-11-09,109.18,4.01,1559,75420,"1,387.30",313.4,0.27324671367573156
706,2022-11-10,109.17,4.02,1558,75120,"1,368.30",312.63,0.043702257235482024
707,2022-11-11,109.17,4.03,1560,76190,"1,370.10",320.47,0.08671554307806241
708,2022-11-14,109.16,4.02,1554,75020,"1,334.10",323.41,0.26399971224920565
709,2022-11-15,109.16,4.03,1554,75340,"1,320.30",322.76,0.10965501539306961
710,2022-11-16,109.15,4.03,1552,75310,"1,322.40",322.98,-0.039547011465701845
711,2022-11-17,109.15,4.04,1534,75600,"1,325.60",319.98,0.17877209213898243
712,2022-11-18,109.14,4.05,1540,75870,"1,338.40",317.63,-0.1097257717452498
713,2022-11-21,109.13,4.05,1512,75810,"1,340.00",317.22,-0.06293293895628055
714,2022-11-22,109.13,4.05,1477,75950,"1,352.30",312.88,0.23939850193061812
715,2022-11-23,109.13,4.05,1476,76000,"1,355.70",314.84,0.1698605684785324
716,2022-11-24,109.12,4.06,1484,75460,"1,352.30",316.6,0.06880340617060315
717,2022-11-25,109.12,4.06,1477,75040,"1,333.20",317.28,0.027544297787575545
718,2022-11-28,109.11,4.06,1466,75000,"1,326.80",313.89,0.18102927844652655
719,2022-11-29,109.1,4.08,1434,75150,"1,339.00",311.79,-0.03084626931650542
720,2022-11-30,109.1,4.08,1433,74960,"1,331.50",314.35,0.13381363315800235
721,2022-12-01,109.11,4.08,1430,75350,"1,320.10",325.37,0.05422572133517516
722,2022-12-02,109.11,4.06,1431,75500,"1,300.80",320.76,0.042695871654784806
723,2022-12-05,109.13,4.02,1434,75230,"1,300.40",316.26,-0.0469629901929875
724,2022-12-06,109.13,4.01,1381,74500,"1,293.20",310.9,0.23198786902668128
725,2022-12-07,109.14,4.01,1374,75050,"1,309.00",309.11,-0.08897640384242872
726,2022-12-08,109.15,4.01,1375,75280,"1,319.50",308.78,0.2829382243756297
727,2022-12-09,109.15,4.02,1374,75630,"1,320.40",309.81,0.12900076832082288
728,2022-12-12,109.17,4.02,1348,75490,"1,306.60",309.38,0.2449541837571949
729,2022-12-13,109.18,4.02,1309,75350,"1,310.00",311.26,0.14647555651156766
730,2022-12-14,109.18,4.03,1300,75010,"1,304.40",310.87,0.11574059491122085
731,2022-12-15,109.19,4.03,1304,75320,"1,296.00",310.73,0.2324374514474586
732,2022-12-16,109.19,4.03,1300,75200,"1,301.00",303.48,0.09690674277878691
733,2022-12-19,109.21,4.02,1299,75400,"1,310.10",306.33,-0.06944382420501818
734,2022-12-20,109.22,4.03,1319,75240,"1,302.00",305.65,-0.14453778328369052
735,2022-12-21,109.22,4.04,1321,75270,"1,298.00",305.84,-0.10068453491291622
736,2022-12-22,109.23,4.05,1319,75200,"1,286.60",304.66,0.18592162430556336
737,2022-12-23,109.23,4.04,1318,74980,"1,276.10",303.14,0.039922257524138055
738,2022-12-26,109.25,4.05,1319,74400,"1,282.20",301.76,0.15923113252220447
739,2022-12-27,109.26,4.06,1319,74310,"1,276.40",303.77,-0.12918610491388471
740,2022-12-28,109.26,4.04,1318,74480,"1,268.30",299.36,0.3752268165272646
741,2022-12-29,109.27,4.04,1318,74390,"1,268.40",294.98,0.061306744576913125
742,2023-01-02,109.33,4.03,1343,74400,"1,267.30",292.9,-0.04587144912324111
743,2023-01-03,109.36,4.0,1366,75150,"1,268.90",290.64,0.15536995399441247
744,2023-01-04,109.39,3.94,1364,75610,"1,272.10",288.34,0.15586009555233196
745,2023-01-05,109.41,3.89,1367,75960,"1,274.70",297.65,0.3482633783736181
746,2023-01-06,109.44,3.85,1369,75750,"1,270.30",296.69,0.2207073026622176
747,2023-01-09,109.52,3.79,1369,75730,"1,267.20",305.1,-0.024129658008187036
748,2023-01-10,109.54,3.75,1339,75300,"1,246.80",308.69,0.01725313323264922
749,2023-01-11,109.57,3.73,1335,75400,"1,240.80",311.66,0.11863098027805195
750,2023-01-12,109.6,3.72,1338,75490,"1,245.30",312.71,-0.028221022636530514
751,2023-01-13,109.62,3.73,1335,75800,"1,244.60",312.34,0.23578098989718357
752,2023-01-16,109.7,3.74,1332,76300,"1,240.60",314.41,0.2690161361438871
753,2023-01-17,109.73,3.72,1340,76480,"1,234.00",316.22,0.3172133267787671
754,2023-01-18,109.76,3.68,1342,76200,"1,238.50",313.62,0.011218709575374486
755,2023-01-19,109.78,3.64,1341,76100,"1,239.80",310.08,0.1449995555758657
756,2023-01-20,109.81,3.62,1335,76090,"1,236.00",313.99,0.1178908425351285
757,2023-01-25,109.94,3.6,1392,76730,"1,234.40",320.81,0.10711074963646698
758,2023-01-26,109.97,3.59,1382,76650,"1,233.40",321.82,0.07928516792694748
759,2023-01-27,109.99,3.58,1387,77100,"1,231.40",326.22,0.16348611495298027
760,2023-01-30,110.07,3.56,1392,76380,"1,230.20",328.09,0.22228151673772148
761,2023-01-31,110.1,3.54,1398,76410,"1,228.70",322.71,0.1525872362153814
762,2023-02-01,110.11,3.53,1403,76600,"1,230.80",320.54,0.09515302087465882
763,2023-02-02,110.12,3.51,1386,76880,"1,231.40",325.94,0.13364364247352484
764,2023-02-03,110.13,3.49,1404,76600,"1,219.30",323.58,0.17368994909672475
765,2023-02-06,110.16,3.47,1391,75600,"1,227.20",322.9,0.3423956406346317
766,2023-02-07,110.17,3.47,1348,75920,"1,247.50",319.36,0.0776180994409963
767,2023-02-08,110.18,3.47,1349,75820,"1,256.00",323.27,0.055731058612687394
768,2023-02-09,110.19,3.47,1351,76000,"1,257.10",323.71,0.2113252047188167
769,2023-02-10,110.2,3.47,1338,75880,"1,263.10",323.3,0.23285846665733642
770,2023-02-13,110.23,3.49,1339,75800,"1,264.30",322.66,0.2429178990459868
771,2023-02-14,110.24,3.52,1318,76220,"1,274.60",324.5,0.12268399752226934
772,2023-02-15,110.25,3.53,1323,75910,"1,269.90",324.43,0.018814110384219825
773,2023-02-16,110.26,3.55,1327,76100,"1,279.30",320.0,0.14778088804947823
774,2023-02-17,110.27,3.56,1319,75820,"1,283.70",320.15,0.16991062771136137
775,2023-02-20,110.3,3.6,1322,76250,"1,297.70",321.07,0.09905153094226278
776,2023-02-21,110.31,3.61,1328,76650,"1,295.80",322.16,0.09912592003768306
777,2023-02-22,110.32,3.62,1330,76680,"1,295.80",317.94,0.2345571864938319
778,2023-02-23,110.33,3.63,1332,76500,"1,303.80",317.77,0.045364461618325344
779,2023-02-24,110.34,3.63,1328,76300,"1,299.60",319.89,0.06846424522367157
780,2023-02-27,110.37,3.63,1326,76440,"1,300.50",314.29,0.27384850562938057
781,2023-02-28,110.38,3.64,1314,76610,"1,317.40",315.75,0.2010875104652113
782,2023-03-02,110.39,3.66,1330,76990,"1,319.20",315.3,0.11949716150502025
783,2023-03-03,110.4,3.67,1320,77000,"1,310.40",317.69,0.1497725663393058
784,2023-03-06,110.41,3.67,1325,76840,"1,304.80",319.22,-0.1649620498826316
785,2023-03-07,110.42,3.65,1349,77100,"1,296.70",320.04,0.323877248418609
786,2023-03-08,110.43,3.64,1358,76780,"1,299.10",316.14,0.13436033970697234
787,2023-03-09,110.43,3.65,1355,77140,"1,319.50",316.57,0.23366633498923062
788,2023-03-10,110.44,3.65,1351,77210,"1,319.70",310.15,0.21348081603401084
789,2023-03-13,110.46,3.64,1364,78500,"1,325.70",311.77,-0.11029999796756189
790,2023-03-14,110.46,3.6,1348,79050,"1,307.30",310.18,0.10176764429861052
791,2023-03-15,110.47,3.57,1346,79990,"1,304.90",309.75,0.1963208046327746
792,2023-03-16,110.47,3.56,1348,80100,"1,302.00",305.87,0.0029184262107046863
793,2023-03-17,110.48,3.56,1343,80570,"1,312.10",312.2,0.06112339517740041
794,2023-03-20,110.5,3.56,1334,81950,"1,303.60",311.59,0.23002189980715784
795,2023-03-21,110.5,3.55,1314,83300,"1,308.40",311.86,0.43218392970732417
796,2023-03-22,110.51,3.55,1309,81590,"1,307.80",313.33,0.2739161652485219
797,2023-03-23,110.51,3.55,1312,81600,"1,307.10",311.51,0.3147509370371993
798,2023-03-24,110.52,3.55,1309,82100,"1,287.20",315.17,0.46244228988265945
799,2023-03-27,110.54,3.54,1305,82290,"1,289.70",314.83,0.05023047990865816
800,2023-03-28,110.54,3.53,1287,81740,"1,300.30",314.15,0.17074974972007717
801,2023-03-29,110.55,3.53,1285,81950,"1,297.40",315.68,0.13545701043447755
802,2023-03-30,110.55,3.52,1287,81980,"1,299.30",318.51,-0.02478645298610635
803,2023-03-31,110.56,3.5,1279,82270,"1,303.80",319.6,0.064525379819472
